video_url,user_url,username,title,view_num,created_at,shortdesc,collected_at
/watch?v=V0zAvlmzDFc&pp=ygUOZ2VudHJpZmljYXRpb24%3D,/@urbandisplacementproject922,UrbanDisplacementProject,Gentrification Explained,489K,8 years,Learn more: http://www.urbandisplacement.org/gentrification-explained ‚ÄúGentrification Explained‚Äù is a short video that unpacks¬†...,2026-01-21 23:46:03.350118
/watch?v=Vi97H8RHUr0&pp=ygUOZ2VudHJpZmljYXRpb24%3D,/@UrbanDesignLab,Urban Design Lab,What is Gentrification?,172K,2 years,"Explore the intricate phenomenon of gentrification in this enlightening video as we delve into its multifaceted aspects, impact on¬†...",2026-01-21 23:46:03.351426
/watch?v=h46WVCr4zk0&pp=ygUOZ2VudHJpZmljYXRpb24%3D,/@AboutHere,About Here,Could this be a Solution to Gentrification?,1.4M,2 years,Kensington Market Community Land Trust's community bond campaign is now live! You can inquire about them at this link:¬†...,2026-01-21 23:46:03.354143
/watch?v=z_f-1lmjQEI&pp=ygUOZ2VudHJpZmljYXRpb24%3D,/@GarrisonHayes,Garrison Hayes,"Am I a gentrifier? Gentrification, explained",60K,2 years,"Trying to avoid an identity crisis, here. Let's dig in. You can find more from Dr. Frazier here:¬†...",2026-01-21 23:46:03.355225
/watch?v=Vqm5TobNa0M&pp=ygUOZ2VudHJpZmljYXRpb24%3D,/@officialnowplaying,NOW PLAYING,"""It's Called Gentrification"" | Boyz ‚ÄôN The Hood",937K,3 years,BOYZ N' THE HOOD is NOW PLAYING and can be found to Rent or Buy here: http://DP.SonyPictures.com/BoyzNTheHood BOYZ¬†...,2026-01-21 23:46:03.356208
/watch?v=eDs8Sy8tJ4o&pp=ygUOZ2VudHJpZmljYXRpb27SBwkJhwoBhyohjO8%3D,/@foilarmsandhog,Foil Arms and Hog,"Gentrification, there goes the neighbourhood...",334K,2 years,"Gentrification, there goes the neighbourhood... #gentrification #sketchcomedy We're touring the U.K, Ireland, Australia, New¬†...",2026-01-21 23:46:03.357421
/shorts/YY70JilQ_SY,/@CalebHammer,Caleb Hammer,The Problem With GENTRIFICATION,587K,10 months,Download my budgeting app today: https://calebhammer.com/app - don't overcomplicate this crap! All you need is an automated¬†...,2026-01-21 23:46:03.358781
/watch?v=HijivgdXB6g&list=RDHijivgdXB6g&start_radio=1&pp=ygUOZ2VudHJpZmljYXRpb26gBwE%3D,/channel/UCHqav6MGO19Ar2Zv34cFkNw,Rico 2 Smoove,Rico 2 Smoove - Gentrification Dir By ShotByFlakz,65K,8 months,Check this new video out (Off The Ep ‚ÄúNorthern Cali Ol Skool‚Äù) let me know what you think in the comments below. ‚úì Follow Rico¬†...,2026-01-21 23:46:03.362120
/watch?v=s07D45uHmVY&pp=ygUOZ2VudHJpZmljYXRpb24%3D,/@Retipster,REtipster,"What is ""Gentrification""?",52K,5 years,Learn more about Gentrification at¬†...,2026-01-21 23:46:03.363199
/watch?v=cNyH_RBpt7s&pp=ygUOZ2VudHJpZmljYXRpb24%3D,/@TED,TED,How to Revitalize a Neighborhood -- Without Gentrification | Bree Jones | TED,60K,3 years,"The housing market can be vexing: while some neighborhoods get ridiculously expensive and price out longtime residents, others¬†...",2026-01-21 23:46:03.364876
/shorts/xuxeUCwR1Wg,/@thephiladelphiacitizen,The Philadelphia Citizen,Solve Gentrification: Build Housing in Rich Areas!,2.1K,9 months,"The solution to gentrification is simple: build housing in already wealthy areas, says Sonja Trauss, founder of Yes In My Back Yard¬†...",2026-01-21 23:46:03.366118
/watch?v=gMz1x5_yF2Q&pp=ygUOZ2VudHJpZmljYXRpb24%3D,/@TEDx,TEDx Talks,Gentrification and what can be done to stop it | Loretta Lees | TEDxBrixton,75K,11 years,"This talk was given at a local TEDx event, produced independently of the TED Conferences. Loretta Lees, a Professor of Human¬†...",2026-01-21 23:46:03.369990
/watch?v=TDtlfH-Uie8&pp=ygUOZ2VudHJpZmljYXRpb24%3D,/@VersoBooks,Verso Books,Gentrification is NOT Inevitable | Leslie Kern in conversation with David Madden,2.3K,3 years,What does gentrification look like? Can we even agree that it is a process that replaces one community with another? It is a¬†...,2026-01-21 23:46:03.371578
/watch?v=85KH5jPOhA4&pp=ygUOZ2VudHJpZmljYXRpb24%3D,/@VICENews,VICE News,What Happens When Neighborhoods Gentrify? | The Business of Life,130K,8 years,"Reality check: what should you expect when you move to a new city? http://bit.ly/2rm1ev4 Baratunde Thurston, Lance Freeman,¬†...",2026-01-21 23:46:03.373087
/shorts/ErxQY6tUSd8,/@standupots,Stand-Up On The Spot,White Gentrification | Shane Gillis #standupcomedy #ShaneGillis #gentrification #white #chipotle,84K,1 year,This is Stand-Up On The Spot with Jeremiah Watkins ‚Äî the unscripted comedy sensation hailed by GQ Magazine as one of the¬†...,2026-01-21 23:46:03.374136
/watch?v=XqogaDX48nI&pp=ygUOZ2VudHJpZmljYXRpb24%3D,/@TEDx,TEDx Talks,What we don‚Äôt understand about gentrification | Stacey Sutton | TEDxNewYork,400K,11 years,"Gentrification is a term that people throw around a lot, but it's often oversimplified as neighborhood revitalization.",2026-01-21 23:46:03.377725
/watch?v=5p9rqqJmDaQ&pp=ygUOZ2VudHJpZmljYXRpb24%3D,/@MOVIECLIPS,Movieclips,Boyz n the Hood (3/8) Movie CLIP - Gentrification (1991) HD,3.1M,13 years,Boyz n the Hood movie clips: http://j.mp/1uw6WYr BUY THE MOVIE: http://amzn.to/rT0MJG Don't miss the HOTTEST NEW¬†...,2026-01-21 23:46:03.379254
/watch?v=gQd30mqliEs&pp=ygUOZ2VudHJpZmljYXRpb24%3D,/@sociologylearners1835,Sociologylearners,Gentrification and Displacement | Sociology ,177,2 months,Gentrification and Displacement | Sociology | Video by Khushdil Khan Kasi @sociologylearners1835 #sociology #gentrification¬†...,2026-01-21 23:46:03.380304
/shorts/ZUn9GDyEnB0,/@SombraDelPiso,SombraDelPiso,Gentrification: My Neighborhood Became Too Expensive!,3.9K,10 months,Explore the dramatic economic consequences of gentrification in this impactful video. We uncover the struggles faced by original¬†...,2026-01-21 23:46:03.381855
/watch?v=-36bAot1GE0&pp=ygUOZ2VudHJpZmljYXRpb24%3D,/@TEDAudioCollective,TED Audio Collective,How to revitalize a neighborhood -- without gentrification | Bree Jones | TED Business,725,3 years,"The housing market can be vexing: while some neighborhoods get ridiculously expensive and price out longtime residents, others¬†...",2026-01-21 23:46:10.877079
/shorts/v6a6vCeOcZE,/@ByronWilliamsTRB,The Relationship Bodyguard,Gentrification Signs: What to Watch For in YOUR Neighborhood,1.1K,6 months,"We discuss the telltale signs of gentrification, from bicycle lanes to an increase in affluent residents. Our observations reveal¬†...",2026-01-21 23:46:10.880503
/watch?v=PEf7NjfkHBU&pp=ygUOZ2VudHJpZmljYXRpb24%3D,/@NickJohnson,Nick Johnson,Gentrification Is Saving America,91K,5 years,Why is gentrification so controversial? We'll talk about the pros and cons of gentrification and which cities have been gentrified the¬†...,2026-01-21 23:46:10.885123
/watch?v=cEsC5hNfPU4&pp=ygUOZ2VudHJpZmljYXRpb24%3D,/@Vox,Vox,"In defense of the ""gentrification building""",1.9M,3 years,How new buildings can actually fight displacement Subscribe and turn on notifications so you don't miss any videos:¬†...,2026-01-21 23:46:10.886890
/watch?v=M5PiTCwoQRo&pp=ygUOZ2VudHJpZmljYXRpb24%3D,/@TED,TED,What if gentrification was about healing communities instead of displacing them? | Liz Ogbu,86K,7 years,Liz Ogbu is an architect who works on spatial justice: the idea that justice has a geography and that the equitable distribution of¬†...,2026-01-21 23:46:10.888056
/watch?v=n11rdWqc444&pp=ygUOZ2VudHJpZmljYXRpb24%3D,/@shortcutdocumentaries,Shortcut Documentaries,America's Gentrification Problem [Documentary],33K,4 years,... boom it encourages the gentrification of their neighborhoods It is important to understand what gentrification is in order to avoid¬†...,2026-01-21 23:46:10.890500
/watch?v=OFKJ45J-LMg&pp=ygUOZ2VudHJpZmljYXRpb24%3D,/@cityfieldscdc4958,City Fields CDC,What is Gentrification,59K,7 years,Cultivating overlooked places. Learn more at http://www.cityfieldscdc.com.,2026-01-21 23:46:10.893037
/shorts/0LbiYS6Ir54,/@YahooFinance,Yahoo Finance,How gentrification starts: Expert explains #shorts,2.7K,1 year,Urban revitalization strategist explains how gentrification starts #shorts #yahoofinance #finance #news #youtubeshorts #youtube¬†...,2026-01-21 23:46:10.896077
/shorts/Yb4It1SekCE,/@askacop,Ask A Cop Live,Gentrification Explained: How It Displaces Communities,1.3K,8 months,"We discuss gentrification, how it renovates older areas, attracts new residents, increases property values, and ultimately displaces¬†...",2026-01-21 23:46:10.897438
/shorts/bJbCk8wcmak,/@RoganClips.635,RoganClips,Exploring the impact of gentrification in urban areas üåÜüí∞,3.1K,1 year,"Discover how property investment can reshape communities, driving up housing prices and transforming neighborhoods.",2026-01-21 23:46:10.901207
/shorts/75xzr4mftxI,/@TheKillianGroup,The Killian Group,What Gentrification Looks Like!,9.9K,3 years,"A prime example of gentrification in Dallas, Texas! Austin Killian (Texas Real Estate Agent)¬†...",2026-01-21 23:46:10.903279
/watch?v=LJmqUc3tmCQ&pp=ygUOZ2VudHJpZmljYXRpb24%3D,/@BingeworthyDocumentaries,BingeWorthy Documentaries,Hyper-Gentrification: Fighting Back in New York | There Goes The Neighborhood | Full Documentary,2.5K,1 year,There Goes The Neighborhood This documentary takes you to the frontlines of the battle for the soul of New York City.,2026-01-21 23:46:10.906926
/shorts/EQFzZhHqbls,/@JullienGordon,Jullien Gordon,How We Lose Our Neighborhoods To Gentrification,8.3K,3 years,All over this country we are losing our communities to gentrification as you can see I'm in what used to be known as the hood and¬†...,2026-01-21 23:46:10.908207
/shorts/9P4KzccT0k4,/@rolandsmartin,Roland S. Martin,Inglewood's Gentrification: How a New District Prices Out Locals #shorts,5.1K,3 months,"Inglewood is experiencing classic gentrification as new facilities and amenities attract outside interest, driving up property values.",2026-01-21 23:46:10.911592
/watch?v=tAMNPeo7AG0&pp=ygUOZ2VudHJpZmljYXRpb24%3D,/@Channel5YouTube,Channel 5 with Andrew Callaghan,Mexico City Gentrification,3.8M,1 year,"Here is our coverage of gentrification in Mexico City, hosted by our new correspondent, Josue. To watch our new episode,¬†...",2026-01-21 23:46:10.917242
/shorts/KRYP4ea9muk,/@UrbanistAriel,Urbanist,What does Gentrification mean?,21K,1 year,... colonization nowadays it's called gentrification but what does gentrification mean according to the Miriam Webster dictionary the¬†...,2026-01-21 23:46:10.918661
/watch?v=3s-UoRgl5-M&pp=ygUOZ2VudHJpZmljYXRpb24%3D,/@onedownmedia,One Down,The Gentrification Problem in the Philippines,73K,1 year,"As more foreigners choose to move to the Philippines, it raises an important question: Is this rising interest good or bad for the¬†...",2026-01-21 23:46:10.919831
/shorts/3bZRCcIfWvs,/@pizzaandproperty1246,Pizza and Property,Understanding Gentrification Clearly,1.9K,8 months,Understanding Gentrification Clearly Oliver Cheung breaks down what gentrification really means ‚Äî and why it's more than just a¬†...,2026-01-21 23:46:10.922030
/watch?v=6J2ofxe96YQ&pp=ygUOZ2VudHJpZmljYXRpb27SBwkJhwoBhyohjO8%3D,/@tvotoday,TVO Today,What is gentrification?,107K,3 years,"Did you know that the term ""gentrification"" was coined in 1964 by British sociologist Ruth Glass? Learn what it means and how it¬†...",2026-01-21 23:46:18.959613
/watch?v=Qu2LvWxxx1I&pp=ygUOZ2VudHJpZmljYXRpb24%3D,/@tomdnyc1,tomdnyc,How Gentrification Happens: An NYC Tour w/ Professor Sharon Zukin,18K,1 year,Tom Delgado is joined by Professor Sharon Zukin and they take a quick tour of downtown New York City to discuss the process of¬†...,2026-01-21 23:46:18.962169
/shorts/aPThQIMlADo,/@CNN,CNN,Mexico City residents furious over gentrification,44K,6 months,Mexico City saw its second anti-gentrification protest in less than a month on Sunday with demonstrators furious over rising prices¬†...,2026-01-21 23:46:18.964779
/watch?v=9dESni_wHfU&pp=ygUOZ2VudHJpZmljYXRpb24%3D,/@tvotoday,TVO Today,10 Questions on Gentrification,4.1K,8 years,"Some call it urban renewal, others say it destroys communities. Richard Florida, author of ""The New Urban Crisis: How Our Cities¬†...",2026-01-21 23:46:18.968195
/watch?v=GFbAjP4Mg40&pp=ygUOZ2VudHJpZmljYXRpb24%3D,/@PIX11News,PIX11 News,"Gentrification in Brooklyn: Rising costs, changing neighborhoods",64K,1 year,"While the future of gentrification in Brooklyn remains uncertain, it's clear that the borough will continue to experience¬†...",2026-01-21 23:46:18.969424
/watch?v=o2ijV7pxlAI&pp=ygUOZ2VudHJpZmljYXRpb24%3D,/@ThinkpieceTribe,Thinkpiece Tribe,Gentrification Is Killing Black People,15K,2 months,"If you or someone you know have been diagnosed with bladder cancer or other cancers after prolonged exposure of hair color,¬†...",2026-01-21 23:46:18.970927
/shorts/q1_qnoISyl4,/@queerbrownvegan,Isaias Hernandez,What is Gentrification? #shorts #gentrification #housing #gentrified #environment #education,326,4 years,What is Gentrification? What are your thoughts? Follow this playlist to learn more environmental justice education:¬†...,2026-01-21 23:46:18.973568
/shorts/ghQ3z9PzhUg,/@undoctrinationFEE,Undoctrination,How hipsters got blamed for gentrification,1.5K,6 months,Watch full video here: https://youtu.be/FDdQmC-43t8.,2026-01-21 23:46:18.974784
/watch?v=In6JMOx47DE&pp=ygUOZ2VudHJpZmljYXRpb24%3D,/@PBSNewsHour,PBS NewsHour,How 'green gentrification' is pricing out longtime East Boston residents,90K,3 years,The city of Boston faces two enormous problems: Sea level rise in its harbor that is getting worse with climate change and a dearth¬†...,2026-01-21 23:46:18.978028
/watch?v=9bWtZFs_xtc&pp=ygUOZ2VudHJpZmljYXRpb24%3D,/@newschannel5,NewsChannel 5,Gentrification surrounds a North Nashville woman who's committed to staying,81K,1 year,Marcia Jordan's home sits in between eight new builds. There used to be just one home on either side of her home. She said¬†...,2026-01-21 23:46:18.980598
/shorts/uZWrwkn8MWo,/@stripping_architecture,Stripping Architecture,"De-Gentrification Explained: Rethinking Cities Beyond Tourism, Capital & Market Logic",633,1 day,"De-gentrification is not an urban policy or a development strategy ‚Äî it is a way of thinking. In this video, we introduce the concept¬†...",2026-01-21 23:46:18.981960
/watch?v=tJha0BL5P8U&pp=ygUOZ2VudHJpZmljYXRpb24%3D,/@OhNeeksTV,Onika,A Short Documentary on Gentrification,110K,10 years,a small beginner's film on gentrification. the stories of two individuals.,2026-01-21 23:46:18.986562
/watch?v=KU8Hr-6sRt8&list=RDKU8Hr-6sRt8&start_radio=1&pp=ygUOZ2VudHJpZmljYXRpb26gBwE%3D,/channel/UCpBIbbqUQfdYGM9oUFX0aMA,Deniro Farrar,Deniro Farrar - Gentrification (Official Music Video 2017),764K,8 years,The Shepherd EP 2025:¬†...,2026-01-21 23:46:18.987896
/watch?v=kIq3EC5JWRQ&pp=ygUOZ2VudHJpZmljYXRpb24%3D,/@AFP,AFP News Agency,Shops and restaurants vandalized during anti-gentrification protest in Mexico City | AFP,98K,6 months,Restaurants and retail stores are vandalized in the Colonia Roma neighborhood of Mexico City during a protest against¬†...,2026-01-21 23:46:18.988985
/watch?v=WPDsrslhKTI&pp=ygUOZ2VudHJpZmljYXRpb27SBwkJhwoBhyohjO8%3D,/@pizzaandproperty1246,Pizza and Property,Top 11 Areas set for Gentrification growth!  - with Oliver Cheung & Todd Sloan,9.6K,8 months,Top 11 Areas set for Gentrification growth! What is gentrification and what do you need to know about it to help you make better¬†...,2026-01-21 23:46:18.990648
/shorts/7tvp0d14g4Y,/@TheKillianGroup,The Killian Group,"Gentrification in Dallas, Texas!",6.2K,3 years,"A prime example of gentrification in Dallas, Texas! Austin Killian (Texas Real Estate Agent)¬†...",2026-01-21 23:46:18.991794
/watch?v=KXuo9wZKeCI&pp=ygUOZ2VudHJpZmljYXRpb24%3D,/@TeamCoco,Team Coco,Cedric The Entertainer On The First Signs Of Gentrification | CONAN on TBS,34K,6 years,Cedric can tell an area is becoming gentrified when the check cashing places go away and the Starbucks start going up.,2026-01-21 23:46:26.889195
/watch?v=TAyqSJGT7G0&pp=ygUOZ2VudHJpZmljYXRpb24%3D,/@DocoCentral,Documentary Central,New York's Story of Gentrification and Resistance | There Goes The Neighborhood | @DocoCentral,3.1K,11 months,Gentrification is not a new phenomenon. But what was once a process of gradual change has turned into a nightmare of radical¬†...,2026-01-21 23:46:26.891493
/shorts/nHkxwujwyyc,/@TheONEStreetCompany,The ONE Street Company,Gentrification? Is it EVIL or NECESSARY? Commercial Real Estate POV,1.7K,3 years,"In Real Talk, Real Agents Podcast #2, Sacha Moise (@sachamoise) is joined by ONE Street Commercial Properties Managing¬†...",2026-01-21 23:46:26.895071
/shorts/qOdLe1ODtB8,/@Shadzilla,Post Pro Shadzilla,Gentrification vs Revitalization #KnowTheDifference #Gentrification #RealEstateDevelopment,972,10 months,Talking about the difference between gentrification and revitalization and the types of projects I go after.,2026-01-21 23:46:26.896408
/watch?v=G8QWD3qDm8A&pp=ygUOZ2VudHJpZmljYXRpb27SBwkJhwoBhyohjO8%3D,/@stripping_architecture,Stripping Architecture,"In The Shadows Of Gentrification | Displacement, Inequality & Urban Change",388,2 months,"In The Shadows Of Gentrification | Displacement, Inequality & Urban Change #gentrification #housingcrisis #urbanchange Who¬†...",2026-01-21 23:46:26.898071
/shorts/z8ZzUJxiByE,/@australianpropertyacademy,Australian Property Academy,How To Identify Suburbs Going Through Gentrification?,402,2 years,property #control #podcastforpropertyinvestors #lifestyle #propertyinvestment #propertyinvestors #investors #realestate #shorts¬†...,2026-01-21 23:46:26.901460
/watch?v=uTAKcQYs5IE&pp=ygUOZ2VudHJpZmljYXRpb24%3D,/@BRICTV,BRIC TV,Mrs. Loretta McDonald Takes Us Through Brooklyn for a Look at Gentrification's Effects | BK Stories,34K,8 years,"""The neighborhood is absolutely not like it used to be."" Imagine, store owners and businesses you've known for decade slowly¬†...",2026-01-21 23:46:26.902709
/watch?v=L9xP9AcE0Dk&pp=ygUOZ2VudHJpZmljYXRpb24%3D,/@shnnonkim,Shannon Kim,The Reality of the Art Girlfriend Finance Boyfriend Trope: Gentrification & Its Correlation to Art,119K,4 months,Hello ^_^ Finally will be adding a bibliography to my videos‚Ä¶ thank you for being patient with me! I also have a Goodreads if you¬†...,2026-01-21 23:46:26.903839
/watch?v=kbkLi2kC5Ig&pp=ygUOZ2VudHJpZmljYXRpb24%3D,/@TheDailyShow,The Daily Show,Roy Wood Jr. Explores Gentrification in Brooklyn | The Daily Show,774K,3 years,Roy Wood Jr. follows a trail of succulents and Wes Anderson DVDs deep into gentrifying Brooklyn to explore how the increasing¬†...,2026-01-21 23:46:26.905142
/watch?v=PyFFQyJG8K0&pp=ygUOZ2VudHJpZmljYXRpb24%3D,/@cgtnamerica,CGTN America,Gentrification in Mexico City: 2 POVs #talklatinamerica,996,4 months,"Mexico City is facing growing tensions over gentrification, as an influx of foreign nationals‚Äîmainly Americans‚Äîdrives up rents¬†...",2026-01-21 23:46:26.908622
/shorts/oKkniP4HXbY,/@SFSCharles,Charles Lewis -  Buying & Selling Homes in Austin,Austin Gentrification Plan #austin #realestate #austintexas #austinrealtor #gentrification #realtor,2.6K,2 years,Watch the full video: How Austin's Gentrification Plan Will Transform Real Estate Investing.,2026-01-21 23:46:26.909939
/watch?v=AoWru0OFi7Q&pp=ygUOZ2VudHJpZmljYXRpb24%3D,/@11Alive,11Alive,"Atlanta hit hard by gentrification, report shows",2.1K,8 months,The city is ranked among the hardest-hit in the country when it comes to gentrification and the displacement of Black residents.,2026-01-21 23:46:26.911249
/watch?v=tYM3AUDTqWc&pp=ygUOZ2VudHJpZmljYXRpb24%3D,/@stripping_architecture,Stripping Architecture,"Gentrification is Class War | The ""Urban Renewal"" Lie",489,1 month,"They tell us it's ""Urban Renewal."" They call it ""Regeneration."" They say it's ""Progress."" But if you look closely, these words are just¬†...",2026-01-21 23:46:26.912473
/shorts/hMhEA9bcfpw,/@stripping_architecture,Stripping Architecture,Gentrification Priming: How Real Estate Marketing Rebrands Cities for Profit,710,4 hours,Explore how gentrification priming works and the marketing tactics real estate developers use to maximize profit. This video¬†...,2026-01-21 23:46:26.916758
/watch?v=PKRwpGiw5QA&pp=ygUOZ2VudHJpZmljYXRpb24%3D,/@PIX11News,PIX11 News,Gentrification: How it is impacting the Bronx,73K,1 year,"Gentrification has been met with mixed reactions, with some fearing the rising costs of housing may force them out.",2026-01-21 23:46:26.918058
/shorts/-xcjhsqR9sw,/@unacademyupscprep,Let's Crack UPSC CSE,What is Gentrification? | Indian Society | UPSC CSE,29K,5 months,1. Offer Ends on 31st July! ‚Çπ19999/- + up to 12 Months FREE:¬†...,2026-01-21 23:46:26.921469
/shorts/6NxYUsMHBoM,/@padhye2,Rohan Padhye,Gentrification explained,2.1K,3 years,I explain gentrification in 30 seconds #standupcomedy #standup #jokes #funny #funnyvideo #shorts #gentrification.,2026-01-21 23:46:26.922709
/watch?v=L8o-JZQuQ84&pp=ygUId2V0bGFuZHM%3D,/@VoiceOfPlanet,The Planet Voice,Why Are Wetlands Important | Wetland | The Planet Voice,34K,1 year,"Welcome to our exploration of one of nature's most vital ecosystems: wetlands. In this video, we delve into why wetlands are¬†...",2026-01-21 23:46:37.051898
/watch?v=xIJb9BRsLvg&pp=ygUId2V0bGFuZHM%3D,/@NGScience,Next Generation Science,Interactions in Ecosystems ‚Äì Wetlands,202K,4 years,ngscience.com #ecosystems #wetlandseasonspark https://ngscience.com Interactions within the populations and communities in¬†...,2026-01-21 23:46:37.053076
/watch?v=GOz1mD3LOiU&pp=ygUId2V0bGFuZHM%3D,/@NGScience,Next Generation Science,"Wetlands: Marshes, Swamps and Everglades",24K,1 year,"wetlands #swamps #everglades #ngscience @NGScience https://ngscience.com Wetlands are essential to the planet's health,¬†...",2026-01-21 23:46:37.054103
/watch?v=1WlmGyN9VXs&pp=ygUId2V0bGFuZHM%3D,/@MooMooMath,MooMooMath and Science,"Types of Ecosystems-Wetlands-Marshes,Swamps,Bogs, and Fens",278K,8 years,Wetlands are transitional lands between lands and other bodies of water. There are four main types of wetlands Marsh Swamp¬†...,2026-01-21 23:46:37.055579
/watch?v=OKggI7WkRp4&pp=ygUId2V0bGFuZHM%3D,/@TheOhioDNR,OhioDNR,How Wetlands Work,50K,5 years,Wetlands are an efficient and cost effective way to remove excess nutrients in our waterways and improve water quality.,2026-01-21 23:46:37.056547
/watch?v=k9UbKlBc3W4&pp=ygUId2V0bGFuZHM%3D,/@wwtorguk,WWT,What are wetlands? | WWT,68K,5 years,"If rainforests are the lungs of the planet, then wetlands are the lifeblood. They're essential for all life. Their beautiful landscapes¬†...",2026-01-21 23:46:44.088851
/watch?v=Xe1vKGM8xBY&pp=ygUId2V0bGFuZHPSBwkJhwoBhyohjO8%3D,/@forestfilmstudio,Forest Film Studio,Wetlands work wonders,122K,2 years,"The Polish Birds Association (today ""Jestem na pTAK"" Association) decided to do a beaver job - stop the water in the 'Warta River¬†...",2026-01-21 23:46:44.090245
/watch?v=s1KDyFGGUuM&pp=ygUId2V0bGFuZHM%3D,/@LifeinWetland,Life in Wetland,Kerala Traditional Lunch with Dried Prawns | Village Cooking Experience | Dried Prawns Recipes.,189K,4 days,"A Simple Village Lunch with Traditional Dried Prawns Flavors‚Äù Today, I'm very happy to share a special Kerala village-style dried¬†...",2026-01-21 23:46:44.093948
/watch?v=Jcbmc_A7vy0&pp=ygUId2V0bGFuZHM%3D,/@TheWildReportOfficial,The Wild Report,Ecosystems Episode 5: The Wetland Ecosystem! (4K),106K,5 years,"A natural wonderland of plants, animals, and (of course) water, wetlands are considered the most biodiverse ecosystems on the¬†...",2026-01-21 23:46:44.095983
/watch?v=UIIq4n8kFu0&pp=ygUId2V0bGFuZHM%3D,/@FreeDocumentaryNature,Free Documentary - Nature,World of the Wild | Episode 8: The Wetlands | Free Documentary Nature,201K,2 years,World of the Wild - Episode 8: The Wetlands | Wildlife Documentary Watch 'World of the Wild - Episode 9' here:¬†...,2026-01-21 23:46:44.109078
/watch?v=4bRgUShrC1w&pp=ygUId2V0bGFuZHPSBwkJhwoBhyohjO8%3D,/@Geodiode,Geodiode,"Wetlands - Mangroves, Marshes and Bogs - Biomes#9",132K,4 years,The world's wetlands are aquatic biomes that are among the most complex and biodiverse on our planet. They can occur¬†...,2026-01-21 23:46:44.112968
/watch?v=vmxmbuBMnHU&pp=ygUId2V0bGFuZHM%3D,/@MossyEarth,Mossy Earth,How we are reviving an Ancient Icelandic Wetland,395K,6 months,"We are setting out to rewild an Icelandic wetland in a complex project involving, birds, freshwater habitats and large areas of¬†...",2026-01-21 23:46:44.116862
/watch?v=dCHlyd0nZJ0&pp=ygUId2V0bGFuZHM%3D,/@cornell_lab,Cornell Lab of Ornithology,AMERICA'S ARCTIC - TESHEKPUK WETLANDS,151K,1 year,"The abundant wetlands in America's Arctic, especially those concentrated around Teshekpuk Lake, are among the most extensive¬†...",2026-01-21 23:46:44.120446
/watch?v=KluWVxd49Bg&pp=ygUId2V0bGFuZHM%3D,/@MooMooMath,MooMooMath and Science,Types of Wetlands | Swamp-Marsh-Bog-Fen |,150K,6 years,"Wetlands are ecosystems found on Earth that are covered with water for most of the year. In this video, I cover the difference¬†...",2026-01-21 23:46:44.130492
/watch?v=H5qI2_zWHFs&pp=ygUId2V0bGFuZHM%3D,/@LearningMole,LearningMole,How Do Wetlands Help The Environment? | Wetlands Facts | Environmental Facts for Kids | Fun Facts,9K,2 years,How Do Wetlands Help The Environment? | Wetlands Facts | Environmental Facts for Kids | Fun Facts Pop over to¬†...,2026-01-21 23:46:44.133000
/watch?v=Amk4UNw9QlQ&pp=ygUId2V0bGFuZHM%3D,/@ducksunlimitedcanada,Ducks Unlimited Canada,Wetlands: A Powerful Carbon Sink,12K,4 years,"Wetland plants absorb carbon dioxide as they grow, and when they die, that carbon doesn't get released back into the¬†...",2026-01-21 23:46:44.134121
/watch?v=HzWLNaK4YCs&pp=ygUId2V0bGFuZHM%3D,/@bcwfbogblog,BCWF Watershed Team,Wetland Restoration Techniques - How to Build Wetlands That Will Last Forever by Tom Biebighauser,13K,3 years,"Join Tom Biebighauser, Wildlife Biologist and Wetland Ecologist to learn about wetland restoration techniques. Various¬†...",2026-01-21 23:46:44.140560
/watch?v=BeUPbGWg2KU&pp=ygUId2V0bGFuZHM%3D,/@EcologyWA,Washington Department of Ecology,Fabulous Wetlands with Bill Nye The Science Guy (1989),439K,13 years,"(Recorded in 1989) A wacky and entertaining video featuring Bill Nye ""The Science Guy"" talking about the importance of wetlands¬†...",2026-01-21 23:46:44.142319
/watch?v=m7d1hCf_q2U&pp=ygUId2V0bGFuZHM%3D,/@DWDocumentary,DW Documentary,Melting wetlands - How can nature slow down climate change? | DW Documentary,267K,1 year,"Bogs and swamps contain more carbon than all other ground vegetation. As the permafrost melts, greenhouse gases are¬†...",2026-01-21 23:46:44.146011
/watch?v=N_NBNt9nelo&pp=ygUId2V0bGFuZHM%3D,/@MangoJuniors,Mango Juniors,Lands |  Wetlands | Water Lands | 2D Animated | Part 1,112K,11 years,"Kids, let's learn about wetlands. What are wetlands? Lands that are soaked in water are called wetlands. Wetlands are highly¬†...",2026-01-21 23:46:51.936102
/watch?v=8Mm2tMIcEYE&pp=ygUId2V0bGFuZHM%3D,/@wwtorguk,WWT,Why Wetlands are Nature's Super-Systems | WWT,44K,5 years,Wetlands support a huge range of species - but did you know they are also useful for us? They provide many of what we call¬†...,2026-01-21 23:46:51.941928
/watch?v=V-aQLwnJKWc&pp=ygUId2V0bGFuZHM%3D,/@texasparksandwildlife,Texas Parks and Wildlife,Wondrous Wetlands | Whiteboard,78K,8 years,Wetlands are an in-between place where water settles. Learn about the benefits of wetlands and about threats to their survival.,2026-01-21 23:46:51.943619
/watch?v=PEYlfCyjDik&pp=ygUId2V0bGFuZHM%3D,/@AntsCanada,AntsCanada,"""Wetlands"" Full Season Four Compilation - The AntsCanada Ecosystem Vivarium Series",523K,8 months,"Follow the epic story of 'Hydromeda', formerly the 'Bermuda Rectangle', my giant tropical wetlands vivarium, from its creation to its¬†...",2026-01-21 23:46:51.945451
/watch?v=eVLuM18mB_U&pp=ygUId2V0bGFuZHM%3D,/@singingzoo,Science Up with the Singing Zoologist,What's a Wetland? Why are wetland ecosystems important? Swamps vs. marshes vs. bogs,134K,9 years,"Learn about marshes, swamps and bogs, and some of the important services wetlands provide. Grab a paddle and get swampy¬†...",2026-01-21 23:46:51.947894
/watch?v=pc1P8GJ4Kzw&pp=ygUId2V0bGFuZHM%3D,/@BestDoc,Best Documentary,Peru's Wetlands: a Unique Refuge for Wildlife,4M,1 year,"Documentary series looking at the remarkable biodiversity found in wetland regions. In this episode, our adventure takes place in¬†...",2026-01-21 23:46:51.951510
/watch?v=l8rfaA5T9U4&pp=ygUId2V0bGFuZHM%3D,/@disneyjr,Disney Jr. ,Wetlands üê¢ | Disney Animals | Mickey Mouse Funhouse | @disneyjr,708K,3 years,"Mickey and Funny explore the wetlands and the animals that live there, including the roseate spoonbill, American alligator, and¬†...",2026-01-21 23:46:51.953677
/shorts/L2vSQhuKaBs,/@ipbeschannel,IPBES Secretariat,Wetlands: Earth's Climate Heroes - BIODIVERSITY matters,33K,1 year,"Did You Know ‚ùì Wetlands are essential for carbon sequestration, #biodiversity conservation, and coastal storm surge protection,¬†...",2026-01-21 23:46:51.955991
/shorts/eCQheDUcKMM,/@riftinfoo,Rift,Swamps: Earth‚Äôs Silent Protectors and Hidden Dangers #shorts,31K,6 months,Swamps are more than just muddy wetlands‚Äîthey're vital ecosystems that support countless species and help fight climate¬†...,2026-01-21 23:46:51.959394
/watch?v=ULZZZMmLUs0&pp=ygUId2V0bGFuZHM%3D,/@TEDx,TEDx Talks,Wetlands: the superheroes of the natural world | Dr Christian Dunn | TEDxNantwich,6.5K,5 years,"Are wetlands the superheroes of the natural world? Dr Christian Dunn discusses how swamps, bogs, marshes and fens are¬†...",2026-01-21 23:46:51.961166
/watch?v=nEmK7kydefc&pp=ygUId2V0bGFuZHM%3D,/@TheUSDANRCS,TheUSDANRCS,Wetland Restoration,8.9K,5 years,Wetland Restoration is returning a former or degraded wetland to its previous wetland condition. This video explores how Nathan¬†...,2026-01-21 23:46:51.963069
/watch?v=nEWo8W0dcTs&pp=ygUId2V0bGFuZHM%3D,/@BillNyeTheScienceGuyHD,Bill Nye The Science Guy HD,Bill Nye The Science Guy - S03E17 - Wetlands - Best Quality,35K,3 years,"Bill Nye The Science Guy - S03E17 - Wetlands - Best Quality Teachers/Educators, email me for fully quality episodes (Youtube¬†...",2026-01-21 23:46:51.964274
/watch?v=in6NSVAHH70&pp=ygUId2V0bGFuZHM%3D,/@fresnozoo,Fresno Chaffee Zoo,Home Sweet Habitats: Wetlands,53K,5 years,This is the first module in the Extended Summer Learning Program brought to you by Fresno Unified School District and Madera¬†...,2026-01-21 23:46:51.967625
/watch?v=bSfF6h7j1YU&pp=ygUId2V0bGFuZHM%3D,/@MichiganEGLE,Michigan EGLE,Introduction to Wetlands,6.4K,2 years,"In this video, you will learn about why Wetlands are so important to Michigan's ecosystem, and what EGLE is doing to protect them¬†...",2026-01-21 23:46:51.968802
/watch?v=onzPv09GzBY&pp=ygUId2V0bGFuZHM%3D,/@BestInSlotGaming,BestInSlot,I Built A Huge Wetlands Hatchery You Can Download Right Now! (JWE3 Speedbuild),14K,1 month,"To celebrate the launch of JWE3's new Wetlands DLC I wanted to provide something I think people will find useful, which is unlike¬†...",2026-01-21 23:46:51.969965
/watch?v=Aurhd4p8hsc&pp=ygUId2V0bGFuZHM%3D,/@TsukiCove,Tsuki,Ranking 5 Of The Deadliest Wetlands In The World Based On Their Wildlife,52K,7 months,"Wetlands are some of the most ecologically abundant places on earth, with some wetland ecosystems being the most biodiverse¬†...",2026-01-21 23:46:51.971669
/watch?v=z8oDKMOdfpQ&pp=ygUId2V0bGFuZHM%3D,/@D2E,Down To Earth,World Wetlands Day 2022: Importance of wetlands at the time of climate change.,114K,3 years,"Just as forests are called the 'lungs of the earth', wetlands are the 'kidneys' that regulate water and filter waste from the landscape.",2026-01-21 23:46:51.974937
/watch?v=sRRKwuDLIik&pp=ygUId2V0bGFuZHM%3D,/@RSPBvideo,RSPB,From wasteland to wetland. Why our coastal wetlands are vital for birds and people | RSPB,6.7K,11 months,17 million migratory birds visit the UK each year to visit our precious but threatened coastal wetlands. On World Wetlands Day¬†...,2026-01-21 23:47:00.927202
/shorts/rL6FITp7Nlo,/@IQPalette,IQ Palette,What is Wetland #gk #wetland #shorts,13K,2 years,What is Wetland #gk #wetland #shorts #gkfacts #learning #land #water.,2026-01-21 23:47:00.928680
/shorts/dbarfi5heXU,/@RETV_ORG,RE:TV,The many benefits of wetlands,10K,2 years,Wetlands account for up to 25% of our carbon stored globally and protecting these ecosystems is a priority if we are to mitigate¬†...,2026-01-21 23:47:00.932657
/watch?v=uL2e3rsFr3A&pp=ygUId2V0bGFuZHM%3D,/@TanyaVisserTheGardener,Tanya Visser - The Gardener,The Importance of Wetlands for Our Ecosystem,No,10 hours,"Wetlands play a vital role in keeping our planet healthy. In this video, we explore the importance of wetlands for the ecosystem¬†...",2026-01-21 23:47:00.934012
/watch?v=NyOYHmXc7y0&pp=ygUId2V0bGFuZHM%3D,/@thisoldhouse,This Old House,Understanding Wetlands | Ask This Old House,44K,2 years,"In this video, This Old House landscape contractor Jenn Nawada meets with a landowner and a wetland expert to discuss¬†...",2026-01-21 23:47:00.936975
/watch?v=sVLW2q8IHcY&pp=ygUId2V0bGFuZHM%3D,/@LifeinWetland,Life in Wetland,Butter Chicken Biryani in Monsoon Mood | Cloudy Morning Boat Trip & Cooking | Village-Style Biryani,554K,5 months,"villagefood #food #lifestyle #traditionallife Today, I'm so happy to share a very special village-style Butter Chicken Biryani recipe¬†...",2026-01-21 23:47:00.938714
/watch?v=mZxZ-oNvkpI&pp=ygUId2V0bGFuZHM%3D,/@STRANGEONEGAMING,STRANGE ONE GAMING,Buying Full Primeval Wetlands Remix Draw in Codm | DRH Wicked Claw & MX9 Heartless Cod Mobile,4.3K,1 day,Support the Channel Your support means the world ‚Äì https://www.paypal.me/strangeonegaming Welcome to the StrangeOne¬†...,2026-01-21 23:47:00.939970
/watch?v=QmGPZPlYh3k&pp=ygUId2V0bGFuZHM%3D,/@Retipster,REtipster,Wetlands 101: What Every Land Investor Should Know,4.9K,1 year,Full Blog Post:¬†...,2026-01-21 23:47:00.942950
/watch?v=3xNgkMBxCIE&pp=ygUId2V0bGFuZHM%3D,/@education0230,Mishri education storer,wetland | What is wetland| Types of wetlands | Importance of wetlands | Conservation of wetlands,5.9K,11 months,join telegram group for notes https://t.me/mishrieducationstorer5 wetlands types of wetland #wetland #wetlands #typesofwetlands¬†...,2026-01-21 23:47:00.944255
/watch?v=Gwk71FP19K4&pp=ygUId2V0bGFuZHM%3D,/@GoWild_EN,Go Wild,Bohemia - A Year in the Wetlands - Go Wild,1.5M,10 years,Subscribe to watch full natural history documentaries! A new documentary is uploaded every week. Facebook:¬†...,2026-01-21 23:47:00.948651
/shorts/M9tRzEQqVOw,/@LaExcellence-IAS,La Excellence IAS ,The concept of wetland explained!,1.9K,7 months,"What are Wetlands? Wetlands are land areas saturated with water, either permanently or seasonally. They include lakes, marshes¬†...",2026-01-21 23:47:00.950022
/shorts/noSvxDJghzM,/@Tiffanyofearth,Tiffany - nomadic - eco activist - nature - travel,"By creating wetlands using natural dams, we can work with the beavers to restore water in the west &",25K,5 months,"By creating wetlands using natural dams, we can work with the beavers to restore water in the west & beyond. We can¬†...",2026-01-21 23:47:00.951389
/watch?v=xV-DC2aWs70&pp=ygUId2V0bGFuZHM%3D,/@Planetzoogame,Planet Zoo,Planet Zoo: Wetlands Animal Pack | Launch Trailer,352K,3 years,Discover the richness of the wetlands with the Planet Zoo: Wetlands Animal Pack! Buy now:¬†...,2026-01-21 23:47:00.952669
/watch?v=myb4mtzebZg&list=RDmyb4mtzebZg&start_radio=1&pp=ygUId2V0bGFuZHOgBwE%3D,/channel/UCdUXAN90UQV4sxNehj5Vflw,Nora En Pure,Nora En Pure - Wetlands (Official Music Video),1M,5 years,Dive into the world of 'Wetlands'! Stream / download track: https://nep.lnk.to/Wetlands www.noraenpure.com¬†...,2026-01-21 23:47:00.956222
/shorts/vQAVgnWb5c0,/@brainatorium,Brainatorium,How Do Wetlands Filter Water,554,10 months,Discover how nature's very own water purifiers work to keep our water clean and healthy. Let's dive into the hidden magic of¬†...,2026-01-21 23:47:00.957468
/shorts/CEPh5MvXRgk,/@GreatLakesNow,Great Lakes Now,How One Invasive Plant Is Devastating Great Lakes Wetlands,7.5K,9 months,"Invasive phragmites have spread rapidly throughout the Great Lakes region, outcompeting native plants, degrading wetlands, and¬†...",2026-01-21 23:47:00.958797
/watch?v=6RCh1WsMsGo&pp=ygUId2V0bGFuZHM%3D,/@JurassicWorldEvolution,Jurassic World Evolution 3,Jurassic World Evolution 3 | Wetlands Species Trailer,78K,1 month,"Unearth the Wetlands Pack in Jurassic World Evolution 3 on all platforms, 9 December. Find out more: https://fron.dev/597d The¬†...",2026-01-21 23:47:00.960016
/shorts/Zu7mK3NGYp8,/@ShineOnStudies,Shine On Studies,Ramsar Sites in India 2025 | Wetlands | Ramsar Sites 2025 | Environment 2025 | Ramsar Sites |,8.5K,3 months,Ramsar Sites in India 2025 | Wetlands | Ramsar Sites 2025 | Environment 2025 | Ramsar Sites | #ramsarsitesinindia¬†...,2026-01-21 23:47:00.961280
/shorts/IVXGgGxcNvM,/@ChroniclesGeoSphere,GeoSphere Chronicles,Discover Wetlands - Nature's Hidden Treasures!,562,6 months,What Is a Wetland? A wetland is a land area soaked with water ‚Äî either all year or seasonally. These include marshes¬†...,2026-01-21 23:47:00.964105
/watch?v=ZHIhmZqgWl8&pp=ygUId2V0bGFuZHM%3D,/@Stoneworks,Stoneworks,World Building- Swamp & Wetlands,169K,7 years,"read my Q&A comment and the extra information. Right now.] A brief look at wetlands biomes, what they have to offer, and how¬†...",2026-01-21 23:47:10.200050
/watch?v=VkZqZspEIJ0&pp=ygUId2V0bGFuZHM%3D,/@RelixMag,Relix,Wetlands Preserved Documentary: The Story of an Activist Rock Club,56K,5 years,"Archival footage, soundboard recordings and the work of a dozen digital animators help to relate the story of celebrated Tribeca¬†...",2026-01-21 23:47:10.201261
/watch?v=wxxleTPZbGQ&pp=ygUId2V0bGFuZHM%3D,/@grantclark988,Grant Clark,Constructed Wetlands for Wastewater Treatment,65K,12 years,In this video we look at an alternative to wastewater treatment through the use constructed wetlands. It presents a basic overview¬†...,2026-01-21 23:47:10.203082
/watch?v=Lg0hcVq2zM0&pp=ygUId2V0bGFuZHM%3D,/@ClearCreekSolutionsHydrology,Clear Creek Solutions,Wetlands EXPLAINED IN 5 MINUTES,628,1 year,Download the Ultimate Hydrology Guide ‚ñª‚ñªhttps://www.clearcreeksolutions.info/ultimate-hydrology-guide Learn about the¬†...,2026-01-21 23:47:10.204600
/watch?v=T0KTtZvomUk&pp=ygUId2V0bGFuZHM%3D,/@LearnWithSam12,Learn With Sam,WETLAND ANIMALS - Swamp Wildlife With Nature Sounds,34K,3 years,"Learn with Sam brings to you an educational video about what are wetlands and wetland Wildlife. You can see storks, crane,¬†...",2026-01-21 23:47:10.205800
/shorts/isHrUjHBQ98,/@sanoberclasses2932,Sanober Classes,How to draw world wetlands day drawing / wetlands day poster making idea / drawing #shorts #tranding,8.3K,11 months,How to draw world wetlands day drawing /wetlands day poster making idea / drawing #shorts #tranding 2 February drawing world¬†...,2026-01-21 23:47:10.207004
/shorts/tz8VuX1ke7w,/@BBCGardenersWorldMagazine,BBC Gardeners' World Magazine,Exploring #Walthamstow Wetlands ü¶Ü,1.2K,11 months,"It's World Wetlands Day, and our our Horticultural Sub-editor Oliver has been to Walthamstow Wetlands in East London to¬†...",2026-01-21 23:47:10.208293
/watch?v=XYWA-JrF49E&pp=ygUId2V0bGFuZHM%3D,/@JurassicWorldEvolution,Jurassic World Evolution 3,Jurassic World Evolution 3 | Wetlands Launch Trailer,63K,1 month,"It's time to unearth the Wetlands Pack in Jurassic World Evolution 3, available now on all platforms. Find out more:¬†...",2026-01-21 23:47:10.211209
/watch?v=N_3w3rDTK3k&pp=ygUId2V0bGFuZHM%3D,/@realestatelogic2897,Real Estate Logic,WETLANDS - SELLING WETLANDS - MAKE IT USABLE,39K,6 years,How to increase the value of Wetlands: https://sunquestnow.com/real-estate-articles/wetlands-florida.html Timestamps (Jump to¬†...,2026-01-21 23:47:10.213424
/shorts/yJ9_tdnh-mM,/@CyborgEdtalk,CyborgEd talk,The Importance of Wetlands: Biodiversity and Flood Protection #Wetlands #Biodiversity #ecosystems,963,1 year,"Discover the incredible importance of wetlands in our latest video! Explore how these unique ecosystems are vital for biodiversity,¬†...",2026-01-21 23:47:10.214772
/watch?v=uX6g8e1XZdI&pp=ygUId2V0bGFuZHPSBwkJhwoBhyohjO8%3D,/@JurassicWorldEvolution,Jurassic World Evolution 3,Jurassic World Evolution 3 | Wetlands Pack - Coming 9 December,96K,1 month,"Unearth the Wetlands Pack in Jurassic World Evolution 3. Available to purchase on all platforms, 9 December. Learn more:¬†...",2026-01-21 23:47:10.216403
/watch?v=BoOlROze2oQ&pp=ygUId2V0bGFuZHM%3D,/@NationalGeographicAsia,National Geographic Asia,Expedition: Wetlands | National Geographic Asia,4.6K,3 years,Step into the magical world of the Philippine wetlands and find out how climate change is threatening this fragile ecosystem.,2026-01-21 23:47:10.218215
/watch?v=DwmxJuyQl-o&pp=ygUId2V0bGFuZHM%3D,/@NRCSSouthCarolina,South Carolina NRCS Conservation Videos,Wetland Habitat,8.2K,11 years,"Before we discuss wetland restoration, we discuss wetland habitat, what makes it a wetland, what types of wetlands you will¬†...",2026-01-21 23:47:10.220727
/shorts/yZYv3L-mcLI,/@xplorataiwan,Explora Taiwan,#explorataiwan #travel #taiwan #sunset #fubao #wetlands,520,5 months,explorataiwan #travel #taiwan #sunset #fubao #wetlands.,2026-01-21 23:47:10.222021
/watch?v=TnHmkB4r3BA&pp=ygUId2V0bGFuZHM%3D,/@euronews,euronews,The wonder of wetlands: the secret weapon in the battle against climate change,3.2K,3 years,Salt marshes can store carbon from the atmosphere fifty times faster than a tropical forest. The Climate Now team visit the Venice¬†...,2026-01-21 23:47:10.223740
/shorts/ykDgHLVjMeE,/@theartfeed09,The Art Feed,Wetland üíö #shorts #youtubeshorts #trending #theartfeed #artshorts #watercolorpainting #wetland,14K,2 years,Wetland #shorts #youtubeshorts #trending #theartfeed #artshorts #watercolorpainting #wetland.,2026-01-21 23:47:10.224973
/shorts/zuM7BHH409U,/@KnowYourHerps,KnowYourHerps,Exploring Wetlands to Find Cool Animals,1.1K,11 months,Full Video: https://www.youtube.com/watch?v=60x7RYKRAH8&t=1s These are some of the reptiles & amphibians I found in my¬†...,2026-01-21 23:47:10.226134
/shorts/C48G--3hf74,/@NewsWithNavya,News With Navya,India‚Äôs First Wetland Cities: What You Need To Know!,2.2K,11 months,"Udaipur and Indore are India's first 'Wetland Cities' under the Ramsar Convention, a global honor held by only 31 cities. With 40%¬†...",2026-01-21 23:47:10.227384
/watch?v=QOrVotzBNto&pp=ygUJd2F0ZXJzaGVk,/@BattleRiverWatershed,Battle River Watershed,What Is A Watershed?,1.3M,12 years,A shed that holds water? Nope. Everyone in the world lives in a watershed. Watch this short video to learn what a watershed really¬†...,2026-01-21 23:47:26.271188
/watch?v=9isAx64IiSc&pp=ygUJd2F0ZXJzaGVk,/@niagarapeninsulaconservati4374,Niagara Peninsula Conservation Authority,What is a Watershed?,84K,7 years,The province of Ontario requires the Niagara Peninsula Conservation Authority (NPCA) to manage the Niagara Peninsula¬†...,2026-01-21 23:47:26.275012
/watch?v=2pwW2rlGIa8&t=36s&pp=ygUJd2F0ZXJzaGVk,/@cocorahs,CoCoRaHS HQ,Watersheds!,502K,9 years,This animation covers the basics on what a watershed is. It also discusses how scientists use precipitation data to predict how¬†...,2026-01-21 23:47:26.281219
/watch?v=27pZIWZpZPk&pp=ygUJd2F0ZXJzaGVk,/@thedigitalclassroomexperience,The Digital Classroom Experience,What‚Äôs a Watershed and Why Does It Matter?,7.4K,1 year,"Every raindrop has a journey, and watersheds guide the way! Explore how watersheds manage water quality and quantity,¬†...",2026-01-21 23:47:26.284758
/watch?v=b98kdNGYZt0&pp=ygUJd2F0ZXJzaGVk,/@OSUEcampus,Oregon State University Ecampus,Understanding the Watershed,91K,9 years,Understanding where you are in the watershed is an important step in site analysis. This video discusses how water moves in the¬†...,2026-01-21 23:47:26.290239
/watch?v=-P4svuWTO5Y&list=RD-P4svuWTO5Y&start_radio=1&pp=ygUJd2F0ZXJzaGVkoAcB,/channel/UCzIi0O2b-T0M2GF0xe_5eEA,Giant Rooks,Giant Rooks - Watershed (Official Video),2.3M,5 years,Giant Rooks - Watershed from the debut album ROOKERY. Listen here: https://lnk.to/Rookery _____ Listen to our second album¬†...,2026-01-21 23:47:26.293911
/watch?v=uaZPO7dgEnk&pp=ygUJd2F0ZXJzaGVk,/@CityOfGriffin,City of Griffin,What is a Watershed,99K,7 years,Griffin Storm Water What is a Watershed?,2026-01-21 23:47:26.295894
/watch?v=w58XwzVcBFM&pp=ygUJd2F0ZXJzaGVk,/@sanjacintoriver,San Jacinto River Authority,What is a Watershed Illustration,72K,5 years,"The key thing to know about watersheds is that water does in fact all flow downhill, and that when all the ‚Äúhills‚Äù in a certain area¬†...",2026-01-21 23:47:26.296991
/watch?v=gVdq4pWUiQM&pp=ygUJd2F0ZXJzaGVk,/@nysdecvideos,NYSDEC,Virtual River - What Is A Watershed?,43K,5 years,Learn all about watersheds and how we are all connected by the hills and valleys and streams that run through our landscape¬†...,2026-01-21 23:47:26.298168
/watch?v=1_WK8mCc2j8&pp=ygUJd2F0ZXJzaGVk,/@PhilEagleFdn,Philippine Eagle Foundation,Nature Talks: The Watershed,1.2K,5 years,"In today's episode of #NatureTalks, learn about our watersheds and how we can work together to preserve them!",2026-01-21 23:47:26.299854
/watch?v=HKtSFdHyktE&list=RDHKtSFdHyktE&start_radio=1&pp=ygUJd2F0ZXJzaGVkoAcB,/@ProgressiveVinyl,Progressive Vinyl,Opeth - Watershed,410K,6 years,"This is Opeth's 2008 vinyl release, Watershed. CD: DR7 Vinyl: DR11 http://dr.loudness-war.info/album/view/151233 Gear: VPI¬†...",2026-01-21 23:47:26.301069
/watch?v=PvkJedlIHUk&list=RDPvkJedlIHUk&start_radio=1&pp=ygUJd2F0ZXJzaGVkoAcB,/channel/UCExLrIgRIUGtEyMCqt3Xh3A,kmoe,kmoe - Watershed [Audio],19K,7 months,"Writing, production, mixing, mastering: kmoe Track three from ""K1"" Stream: https://k1.kmoe.industries/",2026-01-21 23:47:26.303837
/watch?v=9STjoQM7ee0&pp=ygUJd2F0ZXJzaGVk,/@chesapeakebayjournal4323,Chesapeake Bay Journal,Water's Way: Thinking Like a Watershed (2021),39K,4 years,"How the watery world of the Chesapeake Bay region once functioned and how natural elements, like beavers and trees, could¬†...",2026-01-21 23:47:26.305428
/watch?v=AgWvM0Qu1xk&pp=ygUJd2F0ZXJzaGVk,/@earthscienceclassroom,Earth Science Classroom,Hydrogeology: What Is A Watershed?,14K,2 years,Foreign so the Watershed goes by different names different terms but the general gist is the flowing of water down a slope from the¬†...,2026-01-21 23:47:26.308575
/watch?v=tCfT8Glg1T8&pp=ygUJd2F0ZXJzaGVk,/@ariblues,ariblues,Watershed-Letters,445K,19 years,Album: Mosaic (¬© EMI Music 2005) Info: http://www.watershed.co.za http://www.watershed-net.de.,2026-01-21 23:47:26.309734
/watch?v=x0VhMqKlro4&pp=ygUJd2F0ZXJzaGVk,/@gisresources2013,GIS Resources,"Watershed Analysis What, Why, How & Applications",1.6K,8 months,"Watershed Analysis: What, Why, How & Applications | GIS Made Simple Wondering what a watershed is and why it's important¬†...",2026-01-21 23:47:26.310893
/watch?v=JAQVT4z8ZEw&pp=ygUJd2F0ZXJzaGVk,/@GISRSSolution,GIS & RS Solution,Watershed Delineation in ArcGIS | How to create Drainage Map,228K,5 years,"You will know How to delineating Watershed from a digital elevation model (DEM) using arcgis. Stream delineation, watershed¬†...",2026-01-21 23:47:34.553443
/watch?v=42Yeuw8UekI&list=RD42Yeuw8UekI&start_radio=1&pp=ygUJd2F0ZXJzaGVkoAcB,/@on_stage_group,ON STAGE group,WATERSHED - Undone | Official Video,47K,4 years,"On the 20th anniversary of their global hit ""Indigo Girl"" and 21 years after their first 2000 album release ""In the Meantime"",¬†...",2026-01-21 23:47:34.555660
/watch?v=he75e2BW_mo&pp=ygUJd2F0ZXJzaGVk,/@geodeltalabs,GeoDelta Labs,Complete QGIS Watershed Delineation Tutorial,66K,1 year,"In this tutorial, we walk you through the process of generating multiple catchments/ watersheds using QGIS, which is a powerful¬†...",2026-01-21 23:47:34.557284
/watch?v=wQm08EYSTio&list=RDwQm08EYSTio&start_radio=1&pp=ygUJd2F0ZXJzaGVkoAcB,/@FreshFindsMusic,Fresh Finds,Giant Rooks - Watershed (Official Audio),182K,5 years,Giant Rooks - Watershed (Official Audio) Song: ‚û°Ô∏è https://amzn.to/2S7A5Y9 Start your own project üéõÔ∏è     : FL Studio:¬†...,2026-01-21 23:47:34.560637
/watch?v=Om-eJBt9WvQ&pp=ygUJd2F0ZXJzaGVk,/@SciAni,Science Animated,Why do watersheds matter?,13K,3 years,"Healthy watersheds sustain life. Yet many are threatened by human activities such as building dams, which alter their natural¬†...",2026-01-21 23:47:34.561892
/watch?v=kqwYulqfC9k&pp=ygUJd2F0ZXJzaGVk,/@amillison,Andrew Millison,How (and why) to FIND YOUR WATERSHED,163K,4 years,Permaculture instructor Andrew Millison explains how to find your watershed and why it is so important to understanding your¬†...,2026-01-21 23:47:34.563274
/watch?v=LJ63xGJY4pM&pp=ygUJd2F0ZXJzaGVk,/@WaterMattersTV,WaterMattersTV,Watersheds,214K,13 years,"The video, targeting middle and high school students, discusses the function of a watershed and how human actions affect the¬†...",2026-01-21 23:47:34.569341
/watch?v=Sk5KnZP6HzY&list=RDSk5KnZP6HzY&start_radio=1&pp=ygUJd2F0ZXJzaGVkoAcB,/channel/UCzIi0O2b-T0M2GF0xe_5eEA,Giant Rooks,Giant Rooks - Watershed (live at Late Night Berlin),307K,5 years,"Listen to our second album ""How Have You Been?"" here: https://giantrooks.lnk.to/HowHaveYouBeen _____ Website:¬†...",2026-01-21 23:47:34.570491
/watch?v=-miMpYOL5Is&pp=ygUJd2F0ZXJzaGVk,/@PortlandWaterBureau,Portland Water Bureau,Watershed Model,35K,5 years,The h2o University is now in session. Let us take you on a water adventure. Grab your kiddos and learn more about your drinking¬†...,2026-01-21 23:47:34.572003
/watch?v=Y6JuAZ4S0Jo&pp=ygUJd2F0ZXJzaGVk0gcJCYcKAYcqIYzv,/@geospatialtools2912,GEOSPATIAL TOOLS,Watershed Delineation Using DEM Data (Full) - ArcGIS,139K,4 years,This tutorial is to show you how to delineate watershed areas and define watershed streams using ArcGIS software from Digital¬†...,2026-01-21 23:47:34.573104
/shorts/qLZouuPAzZI,/@farmaanandaa,Aanandaa Permaculture Farm,‡§µ‡§æ‡§ü‡§∞‡§∂‡•á‡§° ‡§ï‡•ç‡§Ø‡§æ ‡§π‡•à? What is a watershed?,16K,3 months,Floods in Punjab have once again shown us how fragile our relationship with water is. But here's a question ‚Äî do you know what¬†...,2026-01-21 23:47:34.578025
/watch?v=a27IgsQckTI&list=RDa27IgsQckTI&start_radio=1&pp=ygUJd2F0ZXJzaGVkoAcB0gcJCYcKAYcqIYzv,/@ariblues,ariblues,Watershed - Indigo Girl,1.3M,19 years,Their first big hit... enjoy ;) Album: In The Meantime (¬© 2000 EMI Music) https://www.instagram.com/watershedmusicofficial/?hl=en¬†...,2026-01-21 23:47:34.579169
/watch?v=JuNBP3UYykg&pp=ygUJd2F0ZXJzaGVk,/@Nutrien,Nutrien,Where Is Your Watershed? (Chesapeake Bay Watershed),75K,7 years,"Do you have your facts straight about your local watershed? The Chesapeake Bay Watershed is a beautiful place to work, live,¬†...",2026-01-21 23:47:34.581402
/watch?v=mCTeJcERmpg&pp=ygUJd2F0ZXJzaGVk,/@GurukulofCivilEngineers,Gurukul of Civil Engineers,"What is Watershed Management, Objectives and Types of Watershed",15K,2 years,"What is Watershed Management, Objectives and Types of Watershed In order to conserve and enhance water quality and other¬†...",2026-01-21 23:47:41.844243
/watch?v=p_bbiz3LdVk&pp=ygUJd2F0ZXJzaGVk,/@iswearenglish,iswearenglish,üîµ Watershed Meaning - Watershed Examples - Watershed Definition - Watershed,4.1K,6 years,Watershed Meaning - Watershed Examples - Watershed Definition - Watershed What does watershed mean? What is watershed?,2026-01-21 23:47:41.846371
/shorts/Sx5YCK5xx7I,/@tejukhatwadwala,ùôèùôÄùôÖùôê ùôÜùôÉùòºùôèùôíùòºùòø ùôíùòºùôáùòº,ùóñùóπùóÆùòÄùòÄùó∂ùó≥ùó∂ùó∞ùóÆùòÅùó∂ùóºùóª ùóºùó≥ ùòÑùóÆùòÅùó≤ùóøùòÄùóµùó≤ùó± #agriculture #watershed#climatechange #ytshorts @tejukhatwadwala,10K,2 years,In this video we'll discuss about the Classification of watershed foundation classes by¬†...,2026-01-21 23:47:41.847667
/watch?v=HoBoEdlhZsk&pp=ygUJd2F0ZXJzaGVk,/@NorthernCaliforniaPublicMedia,Northern California Public Media,What Is A Watershed?,13K,5 years,"In this story, we learn about the science of watersheds - what they look like, how they are formed, how water flows within them,¬†...",2026-01-21 23:47:41.848857
/shorts/pSKBa-oUybE,/@BowmansHillWildflowerPreserve,Bowman's Hill Wildflower Preserve,What is a watershed? #nature,24K,2 years,Full video here: https://youtu.be/DB5SEoQpm0Q Find the Preserve online   Website: https://bhwp.org/ Facebook:¬†...,2026-01-21 23:47:41.850147
/watch?v=U-HDiXm5BVY&list=RDU-HDiXm5BVY&start_radio=1&pp=ygUJd2F0ZXJzaGVkoAcB,/@carterusmmusicvevo4026,CarterUSMMusicVEVO,Carter USM - After The Watershed (Official Music Video),19K,3 years,Follow Chrysalis Records; Subscribe - https://chrys.lnk.to/Subscribe Spotify - https://chrys.lnk.to/SP Facebook¬†...,2026-01-21 23:47:41.851414
/watch?v=WRIRDfBN5os&list=RDWRIRDfBN5os&start_radio=1&pp=ygUJd2F0ZXJzaGVkoAcB0gcJCYcKAYcqIYzv,/@ExpressoSABC,Expresso Show,Undone | Watershed,471,1 year,Connect With #ExpressoShow Online: Website: http://www.expressoshow.com/ FACEBOOK:¬†...,2026-01-21 23:47:41.852696
/watch?v=GN3wJmfQc7c&list=RDGN3wJmfQc7c&start_radio=1&pp=ygUJd2F0ZXJzaGVkoAcB,/channel/UCzIi0O2b-T0M2GF0xe_5eEA,Giant Rooks,Giant Rooks feat. Cantus Domus - Watershed (Quarantine Choir),262K,5 years,"Listen to our second album ""How Have You Been?"" here: https://giantrooks.lnk.to/HowHaveYouBeen _____ Website:¬†...",2026-01-21 23:47:41.854047
/watch?v=mut_T0GcehI&pp=ygUJd2F0ZXJzaGVk,/@jenniStevens,Jenni Stevens,Watershed : Indigo Girls,648K,18 years,Lyrics from the Indigo Girls song Watershed. I just love this song and the meaning behind the words. I took all of these¬†...,2026-01-21 23:47:41.855457
/watch?v=dUlAANVBYHM&pp=ygUJd2F0ZXJzaGVk,/@vfxdirect,VFX Direct Creative Agency,USDA Watershed Learning Animation - For ASI Communications by VFX Direct,139K,15 years,This is a Animated piece by VFX Direct http:www.vfxdirect.com hired by ASI Communications. The USDA needed an animated¬†...,2026-01-21 23:47:41.856787
/watch?v=VkYg3OBPzOo&pp=ygUJd2F0ZXJzaGVk,/@amitbhatnagarclasses247,Amit Bhatnagar Classes,What is Watershed?,41K,3 years,Watershed concept and meaning.,2026-01-21 23:47:41.857985
/watch?v=Qny4CDcftrI&pp=ygUJd2F0ZXJzaGVk,/@amillison,Andrew Millison,AMERICA'S BIG MISTAKE: Watershed Democracy REJECTED!,201K,3 years,Permaculture instructor Andrew Millison explains how the USA missed the opportunity in 1878 to create political boundaries¬†...,2026-01-21 23:47:41.859305
/watch?v=kCkXRHBukVI&list=RDkCkXRHBukVI&start_radio=1&pp=ygUJd2F0ZXJzaGVkoAcB,/channel/UCWe5ZXRJ38R27UwNZPutSEA,Watershed,Watershed - Indigo Girl (Live At The Barnyard Cresta / 2006),9K,2 years,Music video by Watershed performing Indigo Girl (Live At The Barnyard Cresta / 2006). ¬© 2006 EMI Music South Africa (Pty) Ltd¬†...,2026-01-21 23:47:41.861521
/watch?v=U8zIZWlQsRg&pp=ygUJd2F0ZXJzaGVk,/@fox5atlanta,FOX 5 Atlanta,Deputy watershed commissioner now off the job | FOX 5 News,1.6K,8 months,A Watershed employee is speaking out for the first time about a deputy commissioner in his department who is accused of bullying¬†...,2026-01-21 23:47:41.863017
/watch?v=KI3DCYeXMfg&list=RDKI3DCYeXMfg&start_radio=1&pp=ygUJd2F0ZXJzaGVkoAcB,/channel/UCWe5ZXRJ38R27UwNZPutSEA,Watershed,Watershed - Down To The Water (Live At The Barnyard Cresta / 2006),684,2 years,Music video by Watershed performing Down To The Water (Live At The Barnyard Cresta / 2006). ¬© 2006 EMI Music South Africa¬†...,2026-01-21 23:47:50.214278
/watch?v=KQEu9t5ZMVk&pp=ygUJd2F0ZXJzaGVk,/@PaaniFoundation,Paani Foundation,What is Watershed Development? A Film by WOTR (English) (‡§™‡§æ‡§£‡§≤‡•ã‡§ü ‡§®‡§ø‡§Ø‡•ã‡§ú‡§® ‡§Æ‡•ç‡§π‡§£‡§ú‡•á ‡§®‡§ï‡•ç‡§ï‡•Ä ‡§ï‡§æ‡§Ø?),132K,9 years,8 Principles of Watershed Development: 1. Ridge-to-Valley: Begin from the hill top and move towards the valley bottom. 2. Do it in¬†...,2026-01-21 23:47:50.216923
/watch?v=pLLvOCphX8k&pp=ygUJd2F0ZXJzaGVk,/@ExpressoSABC,Expresso Show,Watershed Performs ‚ÄúMountainside‚Äù,2.4K,6 years,Watershed have released six studio albums and a greatest hits album. The band has sold in excess of 350 000 albums. Received¬†...,2026-01-21 23:47:50.218217
/watch?v=GBBRZfIHrOQ&pp=ygUJd2F0ZXJzaGVk,/@TorontoZooChannel,Toronto Zoo,Watershed Wonders,1.4K,5 months,"Did you know that every person, animal, and plant in the world lives in a watershed? The GTA's very own Rouge River Watershed¬†...",2026-01-21 23:47:50.220804
/shorts/XT__O0BDVSk,/@odishapcswallah,OPSC Wallah,Tuku Tandi | Rank 287 | Watershed Management #OCSTopper2023 #OPSCMockInterview #OPSCOCS2023 #Shorts,15K,3 months,Tuku Tandi | Rank 287 | OCS Topper 2023 #Shorts #OCSTopper2023 #OPSCMockInterview #OPSCOCS2023 #OPSCWallah¬†...,2026-01-21 23:47:50.222126
/watch?v=yl74j7QAbaw&list=RDyl74j7QAbaw&start_radio=1&pp=ygUJd2F0ZXJzaGVkoAcB,/@TheSilverThumb,Isabeau Van der Eecken,Watershed - Letters with Lyrics,55K,14 years,"This is my first movie, so I hope you enjoy it.",2026-01-21 23:47:50.223910
/watch?v=UsQjOnq_1qA&list=RDUsQjOnq_1qA&start_radio=1&pp=ygUJd2F0ZXJzaGVkoAcB,/@next_music,Next Music,Watershed - Believe (Official Video),10K,5 years,BUY / STREAM and add to your favourite playlists: https://orcd.co/dw3qqqp NEXT MUSIC:¬†...,2026-01-21 23:47:50.226327
/watch?v=yhsHS1sYfdc&pp=ygUJd2F0ZXJzaGVk,/@WGCUCuriouskids,WGCUCuriouskids,What Is A Watershed?,18K,11 years,Winner of a 2015 NATAS (National Academy of Television Arts & Sciences) Suncoast Chapter EMMY Award. The Director of¬†...,2026-01-21 23:47:50.230539
/watch?v=oWNhpTfQ9lU&list=RDoWNhpTfQ9lU&start_radio=1&pp=ygUJd2F0ZXJzaGVkoAcB,/@MISCchout,MISCchout,Indigo Girls - Watershed on The Tonight Show 1991,118K,17 years,Beautiful song (with Sara Lee on bass) with interview...Video downloaded from www.lifeblood.net.,2026-01-21 23:47:50.231783
/watch?v=3MUxPn3uKSk&pp=ygUJd2F0ZXJzaGVk0gcJCYcKAYcqIYzv,/@kevinwoodrobotics,Kevin Wood | Robotics & AI,OpenCV Python Watershed Segmentation (Algorithm and Code),15K,2 years,"Get FREE Robotics & AI Resources (Guide, Textbooks, Courses, Resume Template, Code & Discounts) ‚Äì Sign up via the pop-up¬†...",2026-01-21 23:47:50.234085
/watch?v=w7Xryn3-i70&pp=ygUJd2F0ZXJzaGVk,/@switchonindia,SwitchON Foundation,Watersheds Explained: Essential Guide to Water Management & Conservation | ENGLISH,1.1K,2 years,"Find out what a watershed is, how it works, and why it's crucial for water management. Learn about the various components of a¬†...",2026-01-21 23:47:50.235285
/shorts/3XbmKa7rjs4,/@TheFACRP,Fondes Amandes Community Reforestation Project ,Watershed Explained: What They Are & Why They Matter #shorts,978,5 months,Is a watershed just a shed with water? Or is it a complex geographical area where tributaries feed a water basin? Discover the¬†...,2026-01-21 23:47:50.237618
/watch?v=mGGgtIFbPzc&list=RDmGGgtIFbPzc&start_radio=1&pp=ygUJd2F0ZXJzaGVkoAcB,/@SylviaBilvia,SylviaBilvia,Watershed - Lovely Day.wmv,37K,14 years,"Watershed is a South African Pop-Rock band, which was founded in Johannesburg in 1998.",2026-01-21 23:47:50.238906
/watch?v=UwQDEx5bR5k&list=RDUwQDEx5bR5k&start_radio=1&pp=ygUJd2F0ZXJzaGVkoAcB,/channel/UCWe5ZXRJ38R27UwNZPutSEA,Watershed,Watershed - Yesterday Again (Live At The Barnyard Cresta / 2006),5.1K,2 years,Music video by Watershed performing Yesterday Again (Live At The Barnyard Cresta / 2006). ¬© 2006 EMI Music South Africa (Pty)¬†...,2026-01-21 23:47:50.240250
/watch?v=Eqog7PqwIdU&pp=ygUJd2F0ZXJzaGVk,/@watershedbristol,Watershed,An Exercise in Perspective || Reuben Armstrong || Watershed,104,Streamed 5 days,"Inspirational and experimental, Reuben Armstrong's latest documentary film follows the story of blind runner / punk singer Phil¬†...",2026-01-21 23:47:50.242792
